frankarok,mies,dzien,CHF,USD,EUR,JPY
2010,10,5,2.98,2.88,3.97,3.46
2010,10,4,2.96,2.89,3.96,3.48
2010,10,1,2.94,2.88,3.95,3.45
2010,9,30,3.00,2.93,3.99,3.51
2010,9,29,2.99,2.92,3.97,3.49
2010,9,28,3.01,2.96,3.98,3.52
2010,9,27,2.99,2.94,3.96,3.50
2010,9,24,3.03,2.97,3.97,3.51
2010,9,23,3.02,2.99,3.98,3.53
2010,9,22,2.98,2.96,3.94,3.50
2010,9,21,3.00,3.01,3.95,3.52
2010,9,20,3.00,3.02,3.95,3.52
2010,9,17,2.96,3.01,3.95,3.50
2010,9,16,3.01,3.01,3.93,3.52
2010,9,15,3.02,3.03,3.94,3.55
2010,9,14,3.06,3.06,3.95,3.68
2010,9,13,3.03,3.07,3.94,3.66
2010,9,10,3.02,3.09,3.93,3.68
2010,9,9,3.05,3.10,3.94,3.70
2010,9,8,3.08,3.12,3.95,3.71
2010,9,7,3.06,3.09,3.95,3.68
2010,9,6,3.00,3.05,3.93,3.62
2010,9,3,3.05,3.09,3.96,3.66
2010,9,2,3.06,3.10,3.97,3.68
2010,9,1,3.09,3.13,3.99,3.72
2010,8,31,3.10,3.16,4.00,3.74
2010,8,30,3.04,3.12,3.98,3.68
2010,8,27,3.06,3.13,3.98,3.70
2010,8,26,3.06,3.15,3.99,3.72
2010,8,25,3.06,3.15,3.99,3.72
2010,8,24,3.05,3.17,4.01,3.76
2010,8,23,3.04,3.14,3.99,3.67
2010,8,20,3.01,3.11,3.97,3.64
2010,8,19,2.96,3.08,3.95,3.60
2010,8,18,2.95,3.07,3.95,3.59
2010,8,17,2.97,3.08,3.97,3.62
2010,8,16,3.00,3.13,4.00,3.65
2010,8,13,2.95,3.11,3.99,3.62
2010,8,12,2.96,3.12,4.01,3.66
2010,8,11,2.90,3.06,4.00,3.59
2010,8,10,2.87,3.01,3.97,3.52
2010,8,9,2.89,3.00,3.99,3.51
2010,8,6,2.89,3.02,3.99,3.51
2010,8,5,2.89,3.03,3.99,3.51
2010,8,4,2.92,3.04,4.02,3.56
2010,8,3,2.91,3.01,3.99,3.50
2010,8,2,2.91,3.05,3.99,3.52
2010,7,30,2.95,3.07,4.01,3.56
2010,7,29,2.91,3.06,4.00,3.51
2010,7,28,2.90,3.08,4.00,3.50
2010,7,27,2.92,3.09,4.01,3.53
2010,7,26,2.97,3.14,4.05,3.60
2010,7,23,3.01,3.14,4.06,3.61
2010,7,22,3.07,3.19,4.10,3.68
2010,7,21,3.04,3.20,4.11,3.68
2010,7,20,3.02,3.18,4.12,3.66
2010,7,19,3.03,3.18,4.13,3.66
2010,7,16,3.03,3.16,4.09,3.63
2010,7,15,3.03,3.18,4.06,3.60
2010,7,14,3.02,3.19,4.06,3.59
2010,7,13,3.06,3.25,4.08,3.68
2010,7,12,3.05,3.25,4.09,3.66
2010,7,9,3.04,3.21,4.07,3.63
2010,7,8,3.06,3.23,4.08,3.66
2010,7,7,3.10,3.29,4.13,3.77
2010,7,6,3.08,3.26,4.11,3.71
2010,7,5,3.09,3.28,4.12,3.74
2010,7,2,3.10,3.32,4.14,3.77
2010,7,1,3.15,3.38,4.15,3.82
2010,6,30,3.13,3.39,4.15,3.83
2010,6,29,3.13,3.42,4.16,3.85
2010,6,28,3.06,3.33,4.11,3.72
2010,6,25,3.06,3.36,4.14,3.76
2010,6,24,3.01,3.33,4.09,3.72
2010,6,23,2.98,3.31,4.06,3.66
2010,6,22,2.97,3.29,4.05,3.63
2010,6,21,2.94,3.25,4.03,3.56
2010,6,18,2.96,3.29,4.07,3.62
2010,6,17,2.96,3.31,4.08,3.63
2010,6,16,2.92,3.31,4.07,3.60
2010,6,15,2.92,3.34,4.08,3.67
2010,6,14,2.94,3.34,4.08,3.63
2010,6,11,2.96,3.38,4.09,3.69
2010,6,10,2.99,3.43,4.13,3.76
2010,6,9,3.00,3.45,4.12,3.78
2010,6,8,3.01,3.48,4.15,3.81
2010,6,7,3.00,3.49,4.17,3.80
2010,6,4,2.91,3.35,4.10,3.62
2010,6,2,2.91,3.36,4.11,3.67
2010,6,1,2.90,3.40,4.12,3.74
2010,5,31,2.87,3.31,4.08,3.62
2010,5,28,2.83,3.25,4.05,3.57
2010,5,27,2.90,3.34,4.10,3.71
2010,5,26,2.90,3.35,4.14,3.71
2010,5,25,2.94,3.42,4.17,3.81
2010,5,24,2.85,3.30,4.11,3.67
2010,5,21,2.88,3.31,4.14,3.68
2010,5,20,2.89,3.32,4.12,3.64
2010,5,19,2.92,3.36,4.09,3.67
2010,5,18,2.85,3.23,4.00,3.48
2010,5,17,2.87,3.28,4.02,3.56
2010,5,14,2.84,3.19,3.99,3.45
2010,5,13,2.82,3.15,3.96,3.37
2010,5,12,2.83,3.14,3.99,3.39
2010,5,11,2.87,3.19,4.04,3.45
2010,5,10,2.80,3.07,4.00,3.28
2010,5,7,2.95,3.28,4.18,3.56
2010,5,6,2.85,3.18,4.08,3.39
2010,5,5,2.81,3.10,4.02,3.28
2010,5,4,2.74,2.99,3.93,3.16
2010,4,30,2.72,2.93,3.90,3.10
2010,4,29,2.73,2.96,3.92,3.15
2010,4,28,2.76,3.00,3.95,3.21
2010,4,27,2.71,2.92,3.90,3.11
2010,4,26,2.70,2.91,3.88,3.09
2010,4,23,2.71,2.91,3.88,3.12
2010,4,22,2.70,2.88,3.87,3.09
2010,4,21,2.70,2.88,3.87,3.09
2010,4,20,2.72,2.89,3.90,3.11
2010,4,19,2.72,2.90,3.90,3.16
2010,4,16,2.70,2.86,3.87,3.08
2010,4,15,2.70,2.85,3.86,3.06
2010,4,14,2.69,2.83,3.87,3.03
2010,4,13,2.70,2.86,3.88,3.07
2010,4,12,2.68,2.84,3.87,3.04
2010,4,9,2.68,2.86,3.84,3.06
2010,4,8,2.69,2.90,3.85,3.11
2010,4,7,2.68,2.87,3.84,3.05
2010,4,6,2.68,2.86,3.84,3.05
2010,4,2,2.69,2.84,3.85,3.03
2010,4,1,2.71,2.85,3.85,3.05
2010,3,31,2.70,2.87,3.86,3.07
2010,3,30,2.71,2.87,3.88,3.11
2010,3,29,2.72,2.89,3.89,3.12
2010,3,26,2.72,2.91,3.89,3.14
2010,3,25,2.72,2.92,3.89,3.17
2010,3,24,2.71,2.90,3.88,3.18
2010,3,23,2.72,2.88,3.90,3.19
2010,3,22,2.73,2.90,3.91,3.20
2010,3,19,2.71,2.87,3.89,3.17
2010,3,18,2.68,2.83,3.87,3.14
2010,3,17,2.67,2.81,3.87,3.10
2010,3,16,2.68,2.84,3.89,3.13
2010,3,15,2.68,2.84,3.90,3.14
2010,3,12,2.67,2.83,3.89,3.13
2010,3,11,2.67,2.86,3.90,3.16
2010,3,10,2.65,2.85,3.88,3.16
2010,3,9,2.66,2.86,3.88,3.18
2010,3,8,2.65,2.84,3.88,3.15
2010,3,5,2.66,2.86,3.88,3.20
2010,3,4,2.67,2.87,3.91,3.24
2010,3,3,2.68,2.88,3.93,3.25
2010,3,2,2.69,2.92,3.93,3.28
2010,3,1,2.69,2.89,3.94,3.24
2010,2,26,2.72,2.93,3.98,3.28
2010,2,25,2.73,2.96,3.99,3.31
2010,2,24,2.73,2.96,4.00,3.28
2010,2,23,2.70,2.90,3.96,3.20
2010,2,22,2.71,2.92,3.97,3.19
2010,2,19,2.73,2.97,4.00,3.23
2010,2,18,2.72,2.94,3.99,3.23
2010,2,17,2.71,2.90,3.99,3.20
2010,2,16,2.74,2.94,4.02,3.27
2010,2,15,2.74,2.95,4.02,3.29
2010,2,12,2.73,2.94,4.00,3.28
2010,2,11,2.76,2.95,4.05,3.28
2010,2,10,2.77,2.95,4.06,3.29
2010,2,9,2.78,2.97,4.08,3.31
2010,2,8,2.79,2.99,4.09,3.34
2010,2,5,2.78,2.99,4.09,3.35
2010,2,4,2.74,2.91,4.03,3.20
2010,2,3,2.69,2.83,3.97,3.14
2010,2,2,2.71,2.86,3.98,3.15
2010,2,1,2.72,2.88,4.00,3.19
2010,1,29,2.77,2.91,4.06,3.23
2010,1,28,2.76,2.90,4.06,3.21
2010,1,27,2.78,2.91,4.09,3.25
2010,1,26,2.79,2.91,4.10,3.25
2010,1,25,2.76,2.87,4.06,3.18
2010,1,22,2.77,2.88,4.07,3.18
2010,1,21,2.76,2.89,4.07,3.15
2010,1,20,2.72,2.83,4.01,3.11
2010,1,19,2.72,2.80,4.02,3.09
2010,1,18,2.73,2.80,4.03,3.08
2010,1,15,2.73,2.80,4.03,3.08
2010,1,14,2.74,2.79,4.05,3.04
2010,1,13,2.75,2.80,4.06,3.06
2010,1,12,2.76,2.82,4.08,3.07
2010,1,11,2.75,2.80,4.06,3.02
2010,1,8,2.77,2.87,4.11,3.08
2010,1,7,2.77,2.86,4.11,3.08
2010,1,6,2.76,2.85,4.10,3.08
2010,1,5,2.75,2.83,4.08,3.08
2010,1,4,2.75,2.85,4.09,3.06
2009,12,31,2.77,2.85,4.11,3.09
2009,12,30,2.77,2.87,4.12,3.12
2009,12,29,2.80,2.88,4.16,3.14
2009,12,28,2.79,2.89,4.16,3.16
2009,12,24,2.80,2.90,4.17,3.18
2009,12,23,2.79,2.93,4.17,3.19
2009,12,22,2.79,2.92,4.19,3.20
2009,12,21,2.80,2.93,4.19,3.23
2009,12,18,2.79,2.90,4.18,3.22
2009,12,17,2.78,2.91,4.18,3.24
2009,12,16,2.78,2.89,4.20,3.22
2009,12,15,2.75,2.86,4.17,3.21
2009,12,14,2.74,2.82,4.14,3.19
2009,12,11,2.74,2.81,4.14,3.15
2009,12,10,2.74,2.82,4.14,3.19
2009,12,9,2.73,2.80,4.13,3.19
2009,12,8,2.70,2.74,4.07,3.09
2009,12,7,2.69,2.75,4.07,3.05
2009,12,4,2.72,2.72,4.09,3.08
2009,12,3,2.72,2.71,4.10,3.08
2009,12,2,2.72,2.72,4.10,3.11
2009,12,1,2.74,2.74,4.13,3.15
2009,11,30,2.75,2.75,4.14,3.19
2009,11,27,2.77,2.81,4.18,3.24
2009,11,26,2.74,2.74,4.13,3.16
2009,11,25,2.73,2.74,4.11,3.12
2009,11,24,2.73,2.76,4.12,3.11
2009,11,23,2.73,2.75,4.12,3.10
2009,11,20,2.74,2.79,4.15,3.14
2009,11,19,2.73,2.78,4.13,3.12
2009,11,18,2.71,2.74,4.09,3.07
2009,11,17,2.71,2.74,4.10,3.08
2009,11,16,2.72,2.74,4.10,3.06
2009,11,13,2.72,2.76,4.11,3.08
2009,11,12,2.74,2.77,4.14,3.09
2009,11,10,2.78,2.80,4.20,3.12
2009,11,9,2.80,2.82,4.22,3.13
2009,11,6,2.81,2.85,4.24,3.15
2009,11,5,2.83,2.88,4.27,3.19
2009,11,4,2.82,2.89,4.27,3.18
2009,11,3,2.84,2.92,4.29,3.25
2009,11,2,2.82,2.88,4.25,3.19
2009,10,30,2.81,2.86,4.24,3.14
2009,10,29,2.82,2.88,4.25,3.18
2009,10,28,2.81,2.88,4.25,3.16
2009,10,27,2.77,2.82,4.20,3.07
2009,10,26,2.76,2.78,4.17,3.03
2009,10,23,2.76,2.78,4.18,3.03
2009,10,22,2.78,2.80,4.20,3.07
2009,10,21,2.75,2.78,4.15,3.06
2009,10,20,2.76,2.79,4.18,3.09
2009,10,19,2.77,2.81,4.20,3.11
2009,10,16,2.77,2.82,4.21,3.10
2009,10,15,2.77,2.81,4.20,3.13
2009,10,14,2.78,2.83,4.21,3.17
2009,10,13,2.78,2.85,4.22,3.17
2009,10,12,2.80,2.89,4.26,3.21
2009,10,9,2.81,2.90,4.26,3.25
2009,10,8,2.79,2.87,4.24,3.25
2009,10,7,2.77,2.85,4.19,3.23
2009,10,6,2.76,2.84,4.18,3.19
2009,10,5,2.79,2.89,4.22,3.21
2009,10,2,2.81,2.92,4.25,3.27
2009,10,1,2.78,2.90,4.22,3.22
2009,9,30,2.80,2.89,4.22,3.23
2009,9,29,2.78,2.88,4.20,3.21
2009,9,28,2.80,2.89,4.23,3.23
2009,9,25,2.79,2.87,4.21,3.17
2009,9,24,2.76,2.83,4.18,3.13
2009,9,23,2.76,2.82,4.17,3.10
2009,9,22,2.74,2.81,4.16,3.07
2009,9,21,2.74,2.83,4.15,3.07
2009,9,18,2.73,2.82,4.14,3.10
2009,9,17,2.71,2.80,4.12,3.08
2009,9,16,2.73,2.82,4.15,3.13
2009,9,15,2.75,2.85,4.16,3.13
2009,9,14,2.81,2.92,4.25,3.22
2009,9,11,2.76,2.87,4.19,3.16
2009,9,10,2.75,2.87,4.17,3.11
2009,9,9,2.71,2.84,4.11,3.06
2009,9,8,2.70,2.84,4.10,3.08
2009,9,7,2.72,2.88,4.12,3.09
2009,9,4,2.72,2.89,4.12,3.11
2009,9,3,2.73,2.89,4.14,3.13
2009,9,2,2.76,2.94,4.18,3.17
2009,9,1,2.71,2.86,4.10,3.07
2009,8,31,2.70,2.87,4.10,3.08
2009,8,28,2.69,2.85,4.09,3.03
2009,8,27,2.71,2.90,4.13,3.09
2009,8,26,2.69,2.86,4.09,3.04
2009,8,25,2.70,2.87,4.10,3.04
2009,8,24,2.71,2.88,4.12,3.03
2009,8,21,2.72,2.88,4.12,3.08
2009,8,20,2.73,2.91,4.14,3.08
2009,8,19,2.75,2.96,4.18,3.14
2009,8,18,2.74,2.96,4.18,3.10
2009,8,17,2.76,2.97,4.19,3.14
2009,8,14,2.69,2.88,4.12,3.03
2009,8,13,2.69,2.89,4.12,3.00
2009,8,12,2.75,2.98,4.20,3.12
2009,8,11,2.69,2.92,4.13,3.01
2009,8,10,2.67,2.89,4.11,2.97
2009,8,7,2.73,2.90,4.17,3.05
2009,8,6,2.70,2.87,4.14,3.01
2009,8,5,2.69,2.85,4.11,3.00
2009,8,4,2.69,2.85,4.10,3.01
2009,8,3,2.70,2.88,4.12,3.04
2009,7,31,2.71,2.95,4.16,3.09
2009,7,30,2.73,2.97,4.18,3.13
2009,7,29,2.75,2.96,4.19,3.13
2009,7,28,2.74,2.92,4.17,3.08
2009,7,27,2.73,2.92,4.16,3.07
2009,7,24,2.77,2.97,4.21,3.13
2009,7,23,2.79,2.98,4.24,3.16
2009,7,22,2.81,3.01,4.27,3.22
2009,7,21,2.81,3.00,4.27,3.19
2009,7,20,2.83,3.02,4.30,3.20
2009,7,17,2.84,3.06,4.32,3.27
2009,7,16,2.84,3.05,4.30,3.26
2009,7,15,2.82,3.06,4.29,3.26
2009,7,14,2.88,3.12,4.36,3.35
2009,7,13,2.91,3.16,4.40,3.42
2009,7,10,2.88,3.14,4.37,3.39
2009,7,9,2.88,3.12,4.36,3.35
2009,7,8,2.92,3.19,4.42,3.38
2009,7,7,2.88,3.13,4.37,3.29
2009,7,6,2.88,3.15,4.38,3.31
2009,7,3,2.88,3.12,4.37,3.26
2009,7,2,2.87,3.10,4.37,3.21
2009,7,1,2.90,3.14,4.42,3.24
2009,6,30,2.93,3.17,4.47,3.32
2009,6,29,2.94,3.21,4.49,3.36
2009,6,26,2.95,3.21,4.51,3.35
2009,6,25,2.96,3.23,4.52,3.36
2009,6,24,3.03,3.23,4.55,3.39
2009,6,23,3.03,3.27,4.55,3.44
2009,6,22,2.99,3.25,4.50,3.38
2009,6,19,3.01,3.27,4.54,3.37
2009,6,18,3.03,3.27,4.55,3.41
2009,6,17,2.99,3.26,4.52,3.38
2009,6,16,3.01,3.27,4.54,3.38
2009,6,15,2.98,3.24,4.50,3.30
2009,6,12,2.95,3.17,4.46,3.24
2009,6,10,2.95,3.17,4.47,3.24
2009,6,9,2.98,3.24,4.51,3.30
2009,6,8,2.99,3.27,4.54,3.33
2009,6,5,2.99,3.20,4.54,3.31
2009,6,4,2.97,3.17,4.50,3.28
2009,6,3,2.96,3.15,4.49,3.27
2009,6,2,2.96,3.18,4.48,3.29
2009,6,1,2.94,3.12,4.44,3.31
2009,5,29,2.94,3.18,4.46,3.30
2009,5,28,2.97,3.24,4.49,3.35
2009,5,27,2.93,3.17,4.43,3.32
2009,5,26,2.93,3.19,4.44,3.37
2009,5,25,2.91,3.16,4.41,3.33
2009,5,22,2.90,3.15,4.40,3.35
2009,5,21,2.91,3.20,4.41,3.38
2009,5,20,2.88,3.19,4.36,3.33
2009,5,19,2.89,3.21,4.38,3.33
2009,5,18,2.96,3.33,4.48,3.47
2009,5,15,2.98,3.30,4.48,3.47
2009,5,14,2.97,3.29,4.48,3.45
2009,5,13,2.91,3.21,4.39,3.33
2009,5,12,2.92,3.23,4.40,3.30
2009,5,11,2.90,3.21,4.37,3.28
2009,5,8,2.87,3.24,4.35,3.26
2009,5,7,2.86,3.26,4.34,3.29
2009,5,6,2.91,3.30,4.39,3.35
2009,5,5,2.88,3.25,4.35,3.28
2009,5,4,2.91,3.30,4.39,3.32
2009,4,30,2.90,3.29,4.38,3.36
2009,4,29,2.96,3.37,4.45,3.48
2009,4,28,3.04,3.51,4.57,3.66
2009,4,27,3.01,3.45,4.54,3.57
2009,4,24,2.96,3.38,4.48,3.48
2009,4,23,2.91,3.39,4.41,3.44
2009,4,22,2.93,3.42,4.42,3.48
2009,4,21,2.93,3.42,4.43,3.48
2009,4,20,2.87,3.36,4.36,3.40
2009,4,17,2.82,3.28,4.28,3.30
2009,4,16,2.84,3.26,4.30,3.31
2009,4,15,2.80,3.19,4.24,3.22
2009,4,14,2.89,3.30,4.39,3.31
2009,4,10,2.87,3.32,4.36,3.31
2009,4,9,2.91,3.34,4.44,3.34
2009,4,8,2.97,3.41,4.50,3.42
2009,4,7,2.97,3.38,4.51,3.37
2009,4,6,2.89,3.26,4.41,3.22
2009,4,3,2.92,3.31,4.45,3.31
2009,4,2,2.95,3.38,4.49,3.41
2009,4,1,3.07,3.52,4.65,3.56
2009,3,31,3.10,3.54,4.70,3.60
2009,3,30,3.11,3.58,4.72,3.71
2009,3,27,3.01,3.41,4.59,3.47
2009,3,26,2.98,3.36,4.56,3.42
2009,3,25,2.99,3.38,4.56,3.46
2009,3,24,2.96,3.33,4.53,3.40
2009,3,23,2.98,3.35,4.57,3.48
2009,3,20,3.04,3.39,4.64,3.59
2009,3,19,2.95,3.37,4.54,3.51
2009,3,18,2.95,3.48,4.53,3.52
2009,3,17,2.90,3.44,4.47,3.48
2009,3,16,2.92,3.46,4.49,3.52
2009,3,13,2.93,3.47,4.48,3.53
2009,3,12,3.13,3.61,4.62,3.76
2009,3,11,3.12,3.63,4.61,3.69
2009,3,10,3.23,3.73,4.73,3.79
2009,3,9,3.23,3.75,4.73,3.79
2009,3,6,3.24,3.74,4.75,3.87
2009,3,5,3.18,3.74,4.70,3.75
2009,3,4,3.21,3.79,4.74,3.81
2009,3,3,3.21,3.76,4.74,3.85
2009,3,2,3.21,3.77,4.75,3.87
2009,2,27,3.14,3.68,4.66,3.78
2009,2,26,3.17,3.69,4.71,3.77
2009,2,25,3.13,3.63,4.66,3.75
2009,2,24,3.17,3.66,4.68,3.84
2009,2,23,3.16,3.66,4.71,3.88
2009,2,20,3.19,3.78,4.77,4.03
2009,2,19,3.14,3.70,4.68,3.95
2009,2,18,3.32,3.90,4.90,4.21
2009,2,17,3.27,3.82,4.83,4.16
2009,2,16,3.20,3.74,4.77,4.07
2009,2,13,3.10,3.59,4.64,3.93
2009,2,12,3.08,3.58,4.60,3.98
2009,2,11,3.03,3.50,4.53,3.90
2009,2,10,2.98,3.47,4.48,3.80
2009,2,9,3.02,3.52,4.55,3.85
2009,2,6,3.04,3.56,4.56,3.89
2009,2,5,3.11,3.61,4.65,4.02
2009,2,4,3.13,3.61,4.67,4.05
2009,2,3,3.03,3.52,4.51,3.93
2009,2,2,2.99,3.48,4.44,3.92
2009,1,30,2.99,3.46,4.44,3.86
2009,1,29,2.91,3.37,4.39,3.74
2009,1,28,2.89,3.30,4.38,3.70
2009,1,27,2.87,3.25,4.32,3.64
2009,1,26,2.92,3.39,4.39,3.81
2009,1,23,2.95,3.44,4.40,3.90
2009,1,22,2.86,3.30,4.31,3.71
2009,1,21,2.94,3.35,4.33,3.72
2009,1,20,2.92,3.34,4.33,3.68
2009,1,19,2.90,3.25,4.31,3.59
2009,1,16,2.80,3.14,4.15,3.47
2009,1,15,2.87,3.21,4.23,3.62
2009,1,14,2.80,3.13,4.14,3.50
2009,1,13,2.79,3.12,4.14,3.50
2009,1,12,2.69,3.02,4.03,3.35
2009,1,9,2.71,2.96,4.05,3.26
2009,1,8,2.68,2.96,4.02,3.22
2009,1,7,2.61,2.88,3.92,3.09
2009,1,6,2.71,3.02,4.06,3.23
2009,1,5,2.73,3.01,4.11,3.24
2009,1,2,2.81,2.99,4.17,3.28
2008,12,31,2.80,2.96,4.17,3.28
2008,12,30,2.76,2.91,4.12,3.23
2008,12,29,2.79,2.93,4.18,3.24
2008,12,24,2.72,2.93,4.10,3.25
2008,12,23,2.70,2.95,4.12,3.27
2008,12,22,2.67,2.91,4.10,3.24
2008,12,19,2.67,2.91,4.11,3.29
2008,12,18,2.73,2.85,4.17,3.23
2008,12,17,2.60,2.89,4.08,3.28
2008,12,16,2.56,2.97,4.05,3.28
2008,12,15,2.52,2.96,3.98,3.26
2008,12,12,2.52,2.97,3.97,3.29
2008,12,11,2.54,3.03,3.97,3.29
2008,12,10,2.54,3.06,3.96,3.31
2008,12,9,2.52,3.05,3.93,3.30
2008,12,8,2.48,3.00,3.87,3.22
2008,12,5,2.54,3.05,3.89,3.31
2008,12,4,2.53,3.08,3.88,3.32
2008,12,3,2.51,3.05,3.85,3.27
2008,12,2,2.52,3.04,3.83,3.26
2008,12,1,2.51,3.03,3.84,3.23
2008,11,28,2.43,2.92,3.76,3.07
2008,11,27,2.43,2.90,3.76,3.05
2008,11,26,2.45,2.92,3.79,3.07
2008,11,25,2.48,2.99,3.84,3.11
2008,11,24,2.52,3.08,3.88,3.22
2008,11,21,2.47,3.02,3.80,3.16
2008,11,20,2.54,3.08,3.86,3.23
2008,11,19,2.53,3.05,3.84,3.15
2008,11,18,2.55,3.07,3.86,3.18
2008,11,17,2.47,2.94,3.73,3.04
2008,11,14,2.47,2.95,3.73,3.03
2008,11,13,2.52,3.00,3.75,3.12
2008,11,12,2.53,3.01,3.77,3.09
2008,11,10,2.42,2.83,3.64,2.86
2008,11,7,2.43,2.84,3.65,2.92
2008,11,6,2.36,2.76,3.56,2.81
2008,11,5,2.34,2.73,3.50,2.78
2008,11,4,2.39,2.79,3.55,2.82
2008,11,3,2.39,2.77,3.56,2.79
2008,10,31,2.48,2.85,3.63,2.94
2008,10,30,2.42,2.73,3.56,2.78
2008,10,29,2.48,2.85,3.63,2.93
2008,10,28,2.56,2.97,3.71,3.14
2008,10,27,2.65,3.08,3.83,3.33
2008,10,24,2.69,3.13,3.93,3.36
2008,10,23,2.55,2.98,3.82,3.05
2008,10,22,2.47,2.88,3.71,2.91
2008,10,21,2.36,2.72,3.60,2.69
2008,10,20,2.32,2.64,3.55,2.58
2008,10,17,2.33,2.65,3.57,2.62
2008,10,16,2.32,2.64,3.55,2.63
2008,10,15,2.28,2.60,3.53,2.57
2008,10,14,2.26,2.57,3.50,2.51
2008,10,13,2.31,2.60,3.55,2.59
2008,10,10,2.33,2.61,3.55,2.63
2008,10,9,2.20,2.48,3.42,2.45
2008,10,8,2.25,2.56,3.49,2.56
2008,10,7,2.23,2.55,3.45,2.50
2008,10,6,2.22,2.53,3.44,2.45
2008,10,3,2.18,2.47,3.42,2.35
2008,10,2,2.16,2.45,3.40,2.32
2008,10,1,2.14,2.39,3.38,2.25
2008,9,30,2.16,2.37,3.41,2.26
2008,9,29,2.14,2.36,3.39,2.23
2008,9,26,2.11,2.30,3.36,2.18
2008,9,25,2.09,2.27,3.33,2.14
2008,9,24,2.07,2.25,3.31,2.12
2008,9,23,2.08,2.25,3.31,2.13
2008,9,22,2.05,2.25,3.28,2.11
2008,9,19,2.08,2.34,3.32,2.17
2008,9,18,2.13,2.34,3.37,2.23
2008,9,17,2.10,2.35,3.34,2.22
2008,9,16,2.15,2.38,3.39,2.29
2008,9,15,2.12,2.36,3.36,2.25
2008,9,12,2.10,2.38,3.36,2.21
2008,9,11,2.15,2.45,3.41,2.29
2008,9,10,2.18,2.45,3.47,2.28
2008,9,9,2.17,2.45,3.47,2.27
2008,9,8,2.16,2.43,3.47,2.24
2008,9,5,2.16,2.41,3.43,2.27
2008,9,4,2.11,2.33,3.38,2.15
2008,9,3,2.10,2.34,3.37,2.15
2008,9,2,2.08,2.31,3.36,2.13
2008,9,1,2.07,2.28,3.34,2.11
2008,8,29,2.07,2.27,3.35,2.09
2008,8,28,2.08,2.27,3.35,2.08
2008,8,27,2.06,2.26,3.33,2.08
2008,8,26,2.05,2.27,3.31,2.07
2008,8,25,2.04,2.25,3.31,2.04
2008,8,22,2.04,2.22,3.30,2.04
2008,8,21,2.05,2.24,3.32,2.06
2008,8,20,2.05,2.24,3.31,2.04
2008,8,19,2.07,2.27,3.34,2.07
2008,8,18,2.07,2.26,3.33,2.05
2008,8,14,2.05,2.22,3.31,2.03
2008,8,13,2.01,2.19,3.27,2.01
2008,8,12,2.02,2.21,3.28,2.00
2008,8,11,2.01,2.16,3.26,1.97
2008,8,8,2.00,2.15,3.26,1.96
2008,8,7,1.99,2.10,3.25,1.92
2008,8,6,1.98,2.09,3.23,1.93
2008,8,5,1.97,2.08,3.22,1.92
2008,8,4,1.97,2.06,3.21,1.91
2008,8,1,1.97,2.07,3.22,1.92
2008,7,31,1.96,2.05,3.20,1.90
2008,7,30,1.97,2.05,3.21,1.91
2008,7,29,1.98,2.05,3.23,1.90
2008,7,28,1.97,2.04,3.21,1.89
2008,7,25,1.97,2.04,3.21,1.91
2008,7,24,1.99,2.07,3.24,1.92
2008,7,23,2.00,2.07,3.26,1.92
2008,7,22,1.99,2.02,3.22,1.90
2008,7,21,1.98,2.02,3.21,1.90
2008,7,18,1.99,2.03,3.22,1.91
2008,7,17,2.00,2.03,3.22,1.93
2008,7,16,2.01,2.03,3.23,1.95
2008,7,15,2.02,2.04,3.26,1.94
2008,7,14,2.01,2.05,3.26,1.92
2008,7,11,2.01,2.07,3.27,1.93
2008,7,10,2.02,2.08,3.27,1.94
2008,7,9,2.03,2.10,3.28,1.95
2008,7,8,2.06,2.10,3.31,1.98
2008,7,7,2.06,2.12,3.32,1.97
2008,7,4,2.07,2.12,3.33,1.98
2008,7,3,2.08,2.11,3.36,1.99
2008,7,2,2.08,2.12,3.36,1.99
2008,7,1,2.09,2.13,3.35,2.02
2008,6,30,2.09,2.12,3.35,2.02
2008,6,27,2.10,2.14,3.37,2.01
2008,6,26,2.07,2.14,3.36,1.99
2008,6,25,2.07,2.15,3.36,2.00
2008,6,24,2.07,2.16,3.36,2.00
2008,6,23,2.08,2.17,3.37,2.01
2008,6,20,2.08,2.16,3.37,2.00
2008,6,19,2.08,2.17,3.37,2.02
2008,6,18,2.09,2.18,3.38,2.01
2008,6,17,2.10,2.18,3.39,2.02
2008,6,16,2.10,2.19,3.39,2.03
2008,6,13,2.11,2.20,3.39,2.04
2008,6,12,2.11,2.19,3.39,2.04
2008,6,11,2.09,2.18,3.37,2.03
2008,6,10,2.10,2.18,3.38,2.04
2008,6,9,2.10,2.14,3.39,2.03
2008,6,6,2.09,2.17,3.39,2.05
2008,6,5,2.09,2.18,3.37,2.06
2008,6,4,2.10,2.18,3.38,2.09
2008,6,3,2.10,2.16,3.37,2.08
2008,6,2,2.09,2.18,3.38,2.08
2008,5,30,2.08,2.18,3.38,2.07
2008,5,29,2.08,2.17,3.38,2.06
2008,5,28,2.10,2.16,3.40,2.07
2008,5,27,2.11,2.16,3.40,2.08
2008,5,26,2.11,2.16,3.40,2.09
2008,5,23,2.11,2.17,3.41,2.09
2008,5,21,2.08,2.15,3.38,2.08
2008,5,20,2.08,2.18,3.39,2.10
2008,5,19,2.08,2.17,3.38,2.09
2008,5,16,2.08,2.19,3.39,2.09
2008,5,15,2.08,2.19,3.40,2.09
2008,5,14,2.08,2.20,3.39,2.09
2008,5,13,2.09,2.19,3.38,2.11
2008,5,12,2.10,2.20,3.39,2.12
2008,5,9,2.11,2.20,3.41,2.13
2008,5,8,2.11,2.23,3.42,2.15
2008,5,7,2.10,2.21,3.43,2.11
2008,5,6,2.11,2.22,3.44,2.12
2008,5,5,2.11,2.22,3.44,2.11
2008,5,2,2.13,2.23,3.45,2.13
2008,4,30,2.14,2.23,3.46,2.14
2008,4,29,2.13,2.21,3.45,2.12
2008,4,28,2.13,2.20,3.44,2.11
2008,4,25,2.12,2.20,3.44,2.11
2008,4,24,2.12,2.17,3.42,2.09
2008,4,23,2.12,2.13,3.41,2.07
2008,4,22,2.13,2.14,3.42,2.08
2008,4,21,2.13,2.16,3.43,2.09
2008,4,18,2.14,2.15,3.43,2.10
2008,4,17,2.15,2.15,3.43,2.11
2008,4,16,2.14,2.15,3.41,2.12
2008,4,15,2.16,2.15,3.41,2.13
2008,4,14,2.17,2.17,3.43,2.16
2008,4,11,2.15,2.16,3.42,2.12
2008,4,10,2.19,2.18,3.45,2.16
2008,4,9,2.17,2.20,3.46,2.15
2008,4,8,2.18,2.20,3.47,2.16
2008,4,7,2.18,2.21,3.46,2.15
2008,4,4,2.20,2.22,3.48,2.16
2008,4,3,2.20,2.23,3.48,2.17
2008,4,2,2.21,2.24,3.49,2.19
2008,4,1,2.23,2.24,3.51,2.24
2008,3,31,2.24,2.23,3.53,2.24
2008,3,28,2.24,2.24,3.53,2.23
2008,3,27,2.24,2.24,3.53,2.25
2008,3,26,2.25,2.25,3.53,2.26
2008,3,25,2.24,2.27,3.53,2.26
2008,3,21,2.27,2.29,3.53,2.30
2008,3,20,2.25,2.28,3.53,2.28
2008,3,19,2.26,2.24,3.54,2.29
2008,3,18,2.27,2.24,3.54,2.30
2008,3,17,2.30,2.26,3.56,2.33
2008,3,14,2.24,2.27,3.53,2.25
2008,3,13,2.25,2.27,3.54,2.27
2008,3,12,2.22,2.29,3.53,2.22
2008,3,11,2.26,2.30,3.55,2.25
2008,3,10,2.27,2.32,3.57,2.28
2008,3,7,2.27,2.32,3.57,2.27
2008,3,6,2.24,2.31,3.54,2.23
2008,3,5,2.23,2.33,3.53,2.24
2008,3,4,2.23,2.32,3.52,2.25
2008,3,3,2.24,2.33,3.54,2.26
2008,2,29,2.21,2.32,3.52,2.22
2008,2,28,2.19,2.33,3.52,2.19
2008,2,27,2.20,2.35,3.54,2.21
2008,2,26,2.19,2.38,3.53,2.20
2008,2,25,2.21,2.40,3.56,2.23
2008,2,22,2.22,2.41,3.57,2.25
2008,2,21,2.21,2.43,3.58,2.24
2008,2,20,2.22,2.43,3.58,2.26
2008,2,19,2.22,2.43,3.58,2.26
2008,2,18,2.22,2.45,3.58,2.26
2008,2,15,2.23,2.45,3.59,2.26
2008,2,14,2.22,2.45,3.59,2.27
2008,2,13,2.24,2.47,3.60,2.30
2008,2,12,2.26,2.49,3.61,2.33
2008,2,11,2.27,2.49,3.62,2.34
2008,2,8,2.26,2.50,3.62,2.32
2008,2,7,2.24,2.46,3.60,2.31
2008,2,6,2.24,2.46,3.59,2.31
2008,2,5,2.21,2.43,3.57,2.26
2008,2,4,2.21,2.41,3.57,2.25
2008,2,1,2.24,2.42,3.60,2.28
2008,1,31,2.26,2.44,3.63,2.29
2008,1,30,2.24,2.45,3.62,2.29
2008,1,29,2.24,2.45,3.62,2.30
2008,1,28,2.26,2.47,3.62,2.32
2008,1,25,2.24,2.45,3.61,2.28
2008,1,24,2.27,2.48,3.62,2.34
2008,1,23,2.27,2.49,3.63,2.34
2008,1,22,2.28,2.53,3.66,2.37
2008,1,21,2.28,2.51,3.64,2.37
2008,1,18,2.25,2.48,3.63,2.32
2008,1,17,2.22,2.46,3.60,2.29
2008,1,16,2.23,2.43,3.60,2.29
2008,1,15,2.20,2.41,3.57,2.24
2008,1,14,2.20,2.41,3.58,2.23
2008,1,11,2.20,2.42,3.58,2.22
2008,1,10,2.20,2.45,3.59,2.23
2008,1,9,2.20,2.44,3.59,2.24
2008,1,8,2.19,2.45,3.60,2.23
2008,1,7,2.20,2.45,3.60,2.24
2008,1,4,2.20,2.45,3.61,2.24
2008,1,3,2.20,2.46,3.61,2.25
2008,1,2,2.17,2.46,3.60,2.20
2007,12,31,2.16,2.44,3.58,2.17
2007,12,28,2.17,2.46,3.61,2.17
2007,12,27,2.17,2.49,3.62,2.18
2007,12,24,2.17,2.51,3.61,2.20
2007,12,21,2.18,2.52,3.62,2.22
2007,12,20,2.18,2.52,3.62,2.23
2007,12,19,2.18,2.51,3.62,2.23
2007,12,18,2.18,2.51,3.62,2.22
2007,12,17,2.18,2.52,3.62,2.23
2007,12,14,2.16,2.47,3.60,2.20
2007,12,13,2.15,2.44,3.58,2.18
2007,12,12,2.15,2.44,3.58,2.19
2007,12,11,2.15,2.43,3.57,2.17
2007,12,10,2.16,2.44,3.57,2.18
2007,12,7,2.17,2.45,3.59,2.20
2007,12,6,2.17,2.46,3.58,2.22
2007,12,5,2.19,2.45,3.61,2.22
2007,12,4,2.19,2.47,3.62,2.24
2007,12,3,2.19,2.47,3.62,2.24
2007,11,30,2.19,2.46,3.63,2.23
2007,11,29,2.21,2.47,3.64,2.24
2007,11,28,2.23,2.49,3.66,2.28
2007,11,27,2.26,2.49,3.69,2.30
2007,11,26,2.25,2.47,3.68,2.28
2007,11,23,2.26,2.49,3.69,2.30
2007,11,22,2.26,2.49,3.69,2.29
2007,11,21,2.25,2.49,3.69,2.29
2007,11,20,2.25,2.49,3.68,2.26
2007,11,19,2.24,2.51,3.67,2.27
2007,11,16,2.24,2.51,3.67,2.28
2007,11,15,2.23,2.50,3.66,2.26
2007,11,14,2.21,2.48,3.63,2.22
2007,11,13,2.22,2.50,3.65,2.28
2007,11,12,2.21,2.49,3.64,2.26
2007,11,9,2.20,2.46,3.62,2.20
2007,11,8,2.19,2.48,3.64,2.20
2007,11,7,2.18,2.47,3.62,2.18
2007,11,6,2.18,2.50,3.63,2.18
2007,11,5,2.18,2.52,3.64,2.20
2007,11,2,2.18,2.52,3.65,2.20
2007,10,31,2.17,2.52,3.63,2.18
2007,10,30,2.16,2.52,3.63,2.20
2007,10,29,2.16,2.51,3.62,2.20
2007,10,26,2.17,2.52,3.62,2.21
2007,10,25,2.18,2.55,3.64,2.23
2007,10,24,2.19,2.57,3.66,2.25
2007,10,23,2.19,2.57,3.66,2.25
2007,10,22,2.21,2.58,3.68,2.27
2007,10,19,2.20,2.58,3.68,2.24
2007,10,18,2.22,2.60,3.71,2.24
2007,10,17,2.21,2.62,3.71,2.24
2007,10,16,2.22,2.62,3.72,2.24
2007,10,15,2.22,2.61,3.72,2.22
2007,10,12,2.22,2.63,3.73,2.24
2007,10,11,2.24,2.64,3.75,2.25
2007,10,10,2.24,2.65,3.75,2.26
2007,10,9,2.25,2.68,3.76,2.28
2007,10,8,2.25,2.66,3.75,2.27
2007,10,5,2.27,2.67,3.77,2.29
2007,10,4,2.27,2.67,3.77,2.30
2007,10,3,2.26,2.66,3.77,2.29
2007,10,2,2.27,2.65,3.77,2.30
2007,10,1,2.27,2.65,3.77,2.29
2007,9,28,2.28,2.66,3.78,2.31
2007,9,27,2.28,2.67,3.78,2.31
2007,9,26,2.29,2.68,3.78,2.32
2007,9,25,2.28,2.67,3.77,2.33
2007,9,24,2.28,2.67,3.76,2.32
2007,9,21,2.28,2.68,3.77,2.32
2007,9,20,2.29,2.68,3.77,2.32
2007,9,19,2.29,2.70,3.77,2.33
2007,9,18,2.30,2.73,3.79,2.37
2007,9,17,2.30,2.73,3.78,2.37
2007,9,14,2.30,2.73,3.78,2.37
2007,9,13,2.29,2.71,3.78,2.37
2007,9,12,2.30,2.72,3.77,2.39
2007,9,11,2.31,2.75,3.79,2.42
2007,9,10,2.33,2.76,3.81,2.43
2007,9,7,2.32,2.79,3.81,2.42
2007,9,6,2.32,2.80,3.82,2.42
2007,9,5,2.32,2.81,3.82,2.43
2007,9,4,2.33,2.81,3.83,2.44
2007,9,3,2.32,2.80,3.82,2.41
2007,8,31,2.32,2.80,3.82,2.41
2007,8,30,2.33,2.81,3.83,2.43
2007,8,29,2.35,2.83,3.85,2.47
2007,8,28,2.34,2.81,3.83,2.43
2007,8,27,2.33,2.81,3.83,2.41
2007,8,24,2.35,2.82,3.84,2.43
2007,8,23,2.34,2.83,3.83,2.44
2007,8,22,2.36,2.84,3.84,2.48
2007,8,21,2.37,2.86,3.85,2.50
2007,8,20,2.35,2.84,3.83,2.46
2007,8,17,2.36,2.85,3.83,2.51
2007,8,16,2.34,2.85,3.83,2.46
2007,8,14,2.31,2.79,3.78,2.35
2007,8,13,2.31,2.76,3.78,2.34
2007,8,10,2.31,2.76,3.78,2.34
2007,8,9,2.30,2.74,3.77,2.30
2007,8,8,2.29,2.75,3.77,2.30
2007,8,7,2.30,2.75,3.79,2.31
2007,8,6,2.32,2.74,3.79,2.33
2007,8,3,2.29,2.76,3.78,2.32
2007,8,2,2.31,2.78,3.80,2.34
2007,8,1,2.33,2.79,3.81,2.37
2007,7,31,2.30,2.77,3.79,2.32
2007,7,30,2.31,2.78,3.80,2.34
2007,7,27,2.30,2.79,3.81,2.34
2007,7,26,2.29,2.78,3.81,2.30
2007,7,25,2.27,2.75,3.79,2.29
2007,7,24,2.26,2.72,3.76,2.25
2007,7,23,2.27,2.73,3.77,2.25
2007,7,20,2.26,2.72,3.76,2.23
2007,7,19,2.26,2.71,3.75,2.23
2007,7,18,2.27,2.73,3.76,2.24
2007,7,17,2.27,2.72,3.75,2.24
2007,7,16,2.27,2.72,3.75,2.23
2007,7,13,2.26,2.72,3.74,2.22
2007,7,12,2.27,2.72,3.76,2.23
2007,7,11,2.28,2.75,3.77,2.26
2007,7,10,2.27,2.76,3.77,2.24
2007,7,9,2.26,2.75,3.75,2.23
2007,7,6,2.28,2.78,3.77,2.25
2007,7,5,2.28,2.76,3.76,2.25
2007,7,4,2.27,2.76,3.76,2.26
2007,7,3,2.27,2.76,3.76,2.26
2007,7,2,2.28,2.77,3.76,2.26
2007,6,29,2.27,2.80,3.77,2.27
2007,6,28,2.28,2.81,3.78,2.28
2007,6,27,2.31,2.83,3.81,2.31
2007,6,26,2.29,2.82,3.79,2.29
2007,6,25,2.29,2.82,3.79,2.28
2007,6,22,2.29,2.82,3.79,2.28
2007,6,21,2.28,2.83,3.79,2.29
2007,6,20,2.28,2.82,3.78,2.29
2007,6,19,2.29,2.84,3.81,2.30
2007,6,18,2.29,2.84,3.80,2.30
2007,6,15,2.30,2.86,3.81,2.32
2007,6,14,2.31,2.87,3.82,2.34
2007,6,13,2.33,2.90,3.85,2.37
2007,6,12,2.31,2.87,3.83,2.36
2007,6,11,2.32,2.87,3.84,2.36
2007,6,8,2.34,2.87,3.85,2.37
2007,6,6,2.32,2.83,3.82,2.33
2007,6,5,2.31,2.82,3.81,2.31
2007,6,4,2.30,2.82,3.79,2.31
2007,6,1,2.31,2.84,3.81,2.33
2007,5,31,2.32,2.84,3.82,2.34
2007,5,30,2.32,2.85,3.83,2.34
2007,5,29,2.31,2.84,3.82,2.34
2007,5,28,2.30,2.83,3.80,2.32
2007,5,25,2.31,2.84,3.81,2.34
2007,5,24,2.30,2.83,3.80,2.33
2007,5,23,2.30,2.83,3.80,2.32
2007,5,22,2.28,2.80,3.77,2.31
2007,5,21,2.28,2.80,3.78,2.31
2007,5,18,2.29,2.81,3.79,2.31
2007,5,17,2.29,2.80,3.79,2.31
2007,5,16,2.29,2.78,3.78,2.31
2007,5,15,2.29,2.79,3.78,2.32
2007,5,14,2.28,2.78,3.76,2.31
2007,5,11,2.30,2.81,3.78,2.34
2007,5,10,2.27,2.77,3.75,2.30
2007,5,9,2.28,2.78,3.76,2.32
2007,5,8,2.27,2.76,3.75,2.30
2007,5,7,2.28,2.75,3.75,2.30
2007,5,4,2.27,2.76,3.75,2.30
2007,5,2,2.28,2.78,3.77,2.31
2007,4,30,2.30,2.79,3.79,2.33
2007,4,27,2.30,2.78,3.78,2.32
2007,4,26,2.30,2.77,3.77,2.32
2007,4,25,2.30,2.77,3.78,2.34
2007,4,24,2.31,2.79,3.79,2.36
2007,4,23,2.30,2.79,3.78,2.35
2007,4,20,2.31,2.79,3.79,2.35
2007,4,19,2.33,2.81,3.82,2.38
2007,4,18,2.33,2.80,3.81,2.36
2007,4,17,2.33,2.82,3.82,2.37
2007,4,16,2.33,2.82,3.82,2.36
2007,4,13,2.35,2.84,3.84,2.40
2007,4,12,2.34,2.85,3.83,2.39
2007,4,11,2.34,2.85,3.83,2.39
2007,4,10,2.35,2.87,3.84,2.40
2007,4,6,2.35,2.86,3.84,2.41
2007,4,5,2.35,2.87,3.84,2.42
2007,4,4,2.36,2.88,3.85,2.43
2007,4,3,2.37,2.88,3.85,2.43
2007,4,2,2.38,2.89,3.86,2.46
2007,3,30,2.38,2.91,3.87,2.46
2007,3,29,2.39,2.91,3.88,2.48
2007,3,28,2.41,2.92,3.89,2.48
2007,3,27,2.39,2.90,3.87,2.45
2007,3,26,2.39,2.92,3.87,2.47
2007,3,23,2.40,2.91,3.88,2.47
2007,3,22,2.39,2.90,3.87,2.46
2007,3,21,2.40,2.91,3.88,2.48
2007,3,20,2.40,2.92,3.87,2.47
2007,3,19,2.41,2.92,3.88,2.48
2007,3,16,2.43,2.93,3.91,2.52
2007,3,15,2.42,2.95,3.89,2.51
2007,3,14,2.43,2.96,3.90,2.55
2007,3,13,2.41,2.95,3.89,2.51
2007,3,12,2.39,2.94,3.87,2.49
2007,3,9,2.41,2.95,3.88,2.51
2007,3,8,2.42,2.96,3.89,2.53
2007,3,7,2.43,2.97,3.90,2.55
2007,3,6,2.44,2.98,3.90,2.56
2007,3,5,2.45,2.98,3.92,2.59
2007,3,2,2.42,2.97,3.90,2.52
2007,3,1,2.42,2.95,3.90,2.50
2007,2,28,2.43,2.97,3.92,2.51
2007,2,27,2.42,2.96,3.91,2.48
2007,2,26,2.40,2.96,3.89,2.45
2007,2,23,2.39,2.96,3.88,2.44
2007,2,22,2.39,2.96,3.88,2.45
2007,2,21,2.39,2.96,3.90,2.46
2007,2,20,2.39,2.96,3.89,2.46
2007,2,19,2.41,2.97,3.90,2.48
2007,2,16,2.41,2.98,3.91,2.49
2007,2,15,2.40,2.97,3.90,2.47
2007,2,14,2.40,2.99,3.91,2.47
2007,2,13,2.41,3.01,3.92,2.48
2007,2,12,2.41,3.01,3.91,2.47
2007,2,9,2.39,2.99,3.89,2.46
2007,2,8,2.39,2.98,3.87,2.46
2007,2,7,2.40,2.97,3.86,2.47
2007,2,6,2.40,2.99,3.87,2.48
2007,2,5,2.40,3.00,3.88,2.49
2007,2,2,2.41,3.00,3.91,2.48
2007,2,1,2.41,3.00,3.90,2.49
2007,1,31,2.42,3.04,3.93,2.50
2007,1,30,2.43,3.04,3.94,2.50
2007,1,29,2.42,3.04,3.92,2.49
2007,1,26,2.43,3.03,3.92,2.50
2007,1,25,2.40,2.99,3.88,2.48
2007,1,24,2.40,2.98,3.88,2.46
2007,1,23,2.39,2.97,3.86,2.45
2007,1,22,2.37,2.96,3.84,2.44
2007,1,19,2.38,2.97,3.85,2.45
2007,1,18,2.40,3.00,3.88,2.47
2007,1,17,2.41,3.01,3.89,2.50
2007,1,16,2.40,2.99,3.88,2.48
2007,1,15,2.40,2.99,3.87,2.48
2007,1,12,2.41,3.00,3.88,2.50
2007,1,11,2.40,2.99,3.88,2.49
2007,1,10,2.41,2.99,3.89,2.51
2007,1,9,2.40,2.96,3.86,2.49
2007,1,8,2.41,2.98,3.88,2.52
2007,1,5,2.42,2.97,3.89,2.51
2007,1,4,2.38,2.93,3.85,2.46
2007,1,3,2.37,2.89,3.83,2.42
2007,1,2,2.38,2.88,3.83,2.43
2006,12,29,2.38,2.91,3.83,2.45
2006,12,28,2.38,2.92,3.84,2.46
2006,12,27,2.39,2.92,3.84,2.46
2006,12,22,2.38,2.89,3.82,2.44
2006,12,21,2.37,2.88,3.80,2.44
2006,12,20,2.38,2.88,3.81,2.44
2006,12,19,2.37,2.89,3.80,2.45
2006,12,18,2.37,2.90,3.79,2.46
2006,12,15,2.37,2.89,3.79,2.45
2006,12,14,2.38,2.87,3.80,2.45
2006,12,13,2.38,2.86,3.80,2.45
2006,12,12,2.39,2.88,3.81,2.46
2006,12,11,2.40,2.89,3.82,2.47
2006,12,8,2.41,2.89,3.84,2.50
2006,12,7,2.40,2.87,3.82,2.49
2006,12,6,2.40,2.87,3.81,2.49
2006,12,5,2.39,2.86,3.81,2.50
2006,12,4,2.39,2.87,3.81,2.48
2006,12,1,2.39,2.87,3.80,2.47
2006,11,30,2.40,2.89,3.82,2.49
2006,11,29,2.41,2.90,3.82,2.50
2006,11,28,2.42,2.92,3.84,2.51
2006,11,27,2.42,2.92,3.83,2.51
2006,11,24,2.42,2.93,3.83,2.53
2006,11,23,2.41,2.95,3.82,2.53
2006,11,22,2.39,2.96,3.80,2.52
2006,11,21,2.38,2.96,3.80,2.51
2006,11,20,2.39,2.96,3.81,2.51
2006,11,17,2.38,2.98,3.80,2.51
2006,11,16,2.38,2.97,3.80,2.51
2006,11,15,2.38,2.97,3.81,2.52
2006,11,14,2.40,2.98,3.82,2.53
2006,11,13,2.40,2.98,3.83,2.53
2006,11,10,2.41,2.98,3.84,2.54
2006,11,9,2.40,3.00,3.84,2.55
2006,11,8,2.40,2.99,3.83,2.55
2006,11,7,2.40,3.00,3.83,2.55
2006,11,6,2.40,3.01,3.83,2.55
2006,11,3,2.43,3.03,3.87,2.59
2006,11,2,2.43,3.02,3.86,2.59
2006,10,31,2.45,3.06,3.89,2.60
2006,10,30,2.45,3.06,3.89,2.60
2006,10,27,2.44,3.06,3.88,2.58
2006,10,26,2.44,3.07,3.88,2.58
2006,10,25,2.44,3.09,3.89,2.60
2006,10,24,2.43,3.09,3.87,2.58
2006,10,23,2.43,3.07,3.86,2.58
2006,10,20,2.43,3.06,3.86,2.58
2006,10,19,2.45,3.09,3.89,2.61
2006,10,18,2.46,3.11,3.90,2.62
2006,10,17,2.45,3.10,3.89,2.61
2006,10,16,2.44,3.10,3.88,2.60
2006,10,13,2.44,3.10,3.89,2.60
2006,10,12,2.46,3.12,3.92,2.61
2006,10,11,2.45,3.11,3.90,2.60
2006,10,10,2.46,3.11,3.91,2.61
2006,10,9,2.47,3.11,3.92,2.61
2006,10,6,2.47,3.10,3.93,2.63
2006,10,5,2.48,3.10,3.93,2.63
2006,10,4,2.49,3.11,3.94,2.63
2006,10,3,2.50,3.11,3.96,2.64
2006,10,2,2.51,3.14,3.97,2.65
2006,9,29,2.51,3.14,3.98,2.66
2006,9,28,2.52,3.13,3.98,2.66
2006,9,27,2.52,3.13,3.97,2.67
2006,9,26,2.51,3.12,3.97,2.67
2006,9,25,2.52,3.11,3.97,2.67
2006,9,22,2.52,3.11,3.98,2.67
2006,9,21,2.49,3.10,3.95,2.65
2006,9,20,2.49,3.11,3.95,2.66
2006,9,19,2.49,3.13,3.96,2.66
2006,9,18,2.48,3.11,3.94,2.64
2006,9,15,2.48,3.12,3.96,2.66
2006,9,14,2.50,3.12,3.96,2.65
2006,9,13,2.50,3.13,3.97,2.66
2006,9,12,2.52,3.13,3.98,2.66
2006,9,11,2.52,3.13,3.98,2.67
2006,9,8,2.52,3.13,3.98,2.69
2006,9,7,2.52,3.12,3.99,2.68
2006,9,6,2.50,3.09,3.96,2.66
2006,9,5,2.51,3.09,3.97,2.67
2006,9,4,2.51,3.09,3.97,2.66
2006,9,1,2.51,3.08,3.96,2.63
2006,8,31,2.50,3.07,3.94,2.61
2006,8,30,2.51,3.08,3.95,2.63
2006,8,29,2.50,3.08,3.95,2.64
2006,8,28,2.49,3.07,3.93,2.62
2006,8,25,2.49,3.08,3.93,2.63
2006,8,24,2.48,3.06,3.92,2.62
2006,8,23,2.47,3.04,3.90,2.62
2006,8,22,2.48,3.04,3.91,2.61
2006,8,21,2.48,3.04,3.92,2.63
2006,8,18,2.46,3.03,3.89,2.61
2006,8,17,2.45,3.00,3.87,2.60
2006,8,16,2.46,3.03,3.88,2.61
2006,8,14,2.45,3.04,3.87,2.61
2006,8,11,2.45,3.03,3.87,2.61
2006,8,10,2.45,3.00,3.86,2.61
2006,8,9,2.46,3.01,3.87,2.61
2006,8,8,2.46,3.02,3.87,2.62
2006,8,7,2.46,3.01,3.87,2.62
2006,8,4,2.48,3.06,3.91,2.65
2006,8,3,2.49,3.07,3.92,2.67
2006,8,2,2.50,3.07,3.94,2.68
2006,8,1,2.50,3.09,3.94,2.69
2006,7,31,2.50,3.08,3.93,2.70
2006,7,28,2.50,3.09,3.93,2.68
2006,7,27,2.48,3.07,3.91,2.66
2006,7,26,2.49,3.12,3.92,2.67
2006,7,25,2.49,3.10,3.92,2.66
2006,7,24,2.51,3.14,3.96,2.69
2006,7,21,2.52,3.12,3.95,2.69
2006,7,20,2.52,3.14,3.96,2.69
2006,7,19,2.56,3.22,4.02,2.74
2006,7,18,2.58,3.22,4.03,2.75
2006,7,17,2.59,3.22,4.04,2.75
2006,7,14,2.59,3.19,4.04,2.75
2006,7,13,2.59,3.19,4.06,2.77
2006,7,12,2.57,3.16,4.03,2.75
2006,7,11,2.57,3.16,4.03,2.77
2006,7,10,2.58,3.16,4.05,2.78
2006,7,7,2.57,3.15,4.03,2.74
2006,7,6,2.58,3.18,4.05,2.75
2006,7,5,2.57,3.15,4.02,2.74
2006,7,4,2.55,3.13,4.01,2.73
2006,7,3,2.59,3.17,4.05,2.77
2006,6,30,2.58,3.18,4.04,2.77
2006,6,29,2.61,3.26,4.09,2.80
2006,6,28,2.61,3.25,4.08,2.79
2006,6,27,2.60,3.23,4.07,2.78
2006,6,26,2.63,3.27,4.11,2.81
2006,6,23,2.62,3.27,4.11,2.81
2006,6,22,2.60,3.22,4.07,2.80
2006,6,21,2.61,3.23,4.08,2.82
2006,6,20,2.60,3.23,4.06,2.81
2006,6,19,2.59,3.21,4.04,2.78
2006,6,16,2.59,3.19,4.04,2.78
2006,6,14,2.59,3.19,4.02,2.78
2006,6,13,2.59,3.20,4.03,2.80
2006,6,12,2.56,3.16,3.98,2.76
2006,6,9,2.53,3.12,3.95,2.74
2006,6,8,2.53,3.10,3.96,2.72
2006,6,7,2.53,3.08,3.95,2.72
2006,6,6,2.55,3.07,3.96,2.74
2006,6,5,2.53,3.05,3.95,2.73
2006,6,2,2.51,3.06,3.92,2.71
2006,6,1,2.52,3.08,3.94,2.73
2006,5,31,2.53,3.07,3.95,2.74
2006,5,30,2.52,3.06,3.94,2.74
2006,5,29,2.51,3.07,3.92,2.74
2006,5,26,2.52,3.06,3.93,2.74
2006,5,25,2.54,3.09,3.94,2.74
2006,5,24,2.56,3.08,3.96,2.76
2006,5,23,2.55,3.08,3.96,2.77
2006,5,22,2.55,3.10,3.96,2.76
2006,5,19,2.53,3.08,3.94,2.76
2006,5,18,2.55,3.09,3.95,2.79
2006,5,17,2.50,3.00,3.88,2.75
2006,5,16,2.53,3.06,3.93,2.78
2006,5,15,2.53,3.06,3.93,2.77
2006,5,12,2.49,3.00,3.87,2.74
2006,5,11,2.44,3.01,3.82,2.70
2006,5,10,2.47,3.01,3.85,2.72
2006,5,9,2.46,3.02,3.83,2.70
2006,5,8,2.45,2.99,3.82,2.69
2006,5,5,2.45,3.01,3.82,2.64
2006,5,4,2.45,3.04,3.82,2.66
2006,5,2,2.47,3.06,3.86,2.69
2006,4,28,2.46,3.08,3.87,2.71
2006,4,27,2.45,3.11,3.87,2.71
2006,4,26,2.46,3.13,3.88,2.72
2006,4,25,2.46,3.12,3.86,2.72
2006,4,24,2.46,3.12,3.86,2.71
2006,4,21,2.47,3.15,3.89,2.69
2006,4,20,2.48,3.15,3.89,2.68
2006,4,19,2.49,3.16,3.90,2.70
2006,4,18,2.51,3.21,3.93,2.71
2006,4,14,2.50,3.25,3.93,2.74
2006,4,13,2.51,3.25,3.94,2.74
2006,4,12,2.49,3.23,3.92,2.73
2006,4,11,2.50,3.26,3.95,2.75
2006,4,10,2.51,3.27,3.96,2.76
2006,4,7,2.52,3.25,3.97,2.77
2006,4,6,2.52,3.24,3.99,2.76
2006,4,5,2.52,3.24,3.98,2.77
2006,4,4,2.49,3.24,3.94,2.76
2006,4,3,2.48,3.25,3.93,2.74
2006,3,31,2.49,3.25,3.94,2.76
2006,3,30,2.50,3.26,3.93,2.77
2006,3,29,2.52,3.30,3.96,2.80
2006,3,28,2.51,3.27,3.94,2.80
2006,3,27,2.47,3.23,3.89,2.77
2006,3,24,2.48,3.26,3.91,2.76
2006,3,23,2.47,3.23,3.89,2.76
2006,3,22,2.49,3.25,3.92,2.77
2006,3,21,2.48,3.21,3.90,2.75
2006,3,20,2.47,3.19,3.89,2.75
2006,3,17,2.44,3.15,3.83,2.70
2006,3,16,2.48,3.21,3.88,2.73
2006,3,15,2.48,3.23,3.88,2.74
2006,3,14,2.51,3.29,3.94,2.78
2006,3,13,2.48,3.27,3.90,2.75
2006,3,10,2.48,3.26,3.89,2.76
2006,3,9,2.48,3.25,3.87,2.77
2006,3,8,2.48,3.25,3.87,2.76
2006,3,7,2.47,3.23,3.86,2.75
2006,3,6,2.45,3.17,3.82,2.71
2006,3,3,2.44,3.17,3.81,2.72
2006,3,2,2.41,3.16,3.77,2.72
2006,3,1,2.42,3.16,3.78,2.73
2006,2,28,2.41,3.18,3.77,2.73
2006,2,27,2.41,3.18,3.77,2.74
2006,2,24,2.43,3.18,3.78,2.73
2006,2,23,2.43,3.17,3.79,2.71
2006,2,22,2.44,3.20,3.81,2.69
2006,2,21,2.42,3.17,3.78,2.67
2006,2,20,2.40,3.15,3.76,2.66
2006,2,17,2.41,3.17,3.76,2.68
2006,2,16,2.42,3.17,3.76,2.69
2006,2,15,2.43,3.18,3.78,2.70
2006,2,14,2.44,3.19,3.80,2.71
2006,2,13,2.44,3.19,3.79,2.70
2006,2,10,2.44,3.16,3.79,2.69
2006,2,9,2.45,3.19,3.82,2.69
2006,2,8,2.46,3.19,3.83,2.71
2006,2,7,2.46,3.18,3.82,2.70
2006,2,6,2.45,3.18,3.82,2.68
2006,2,3,2.46,3.17,3.83,2.68
2006,2,2,2.46,3.17,3.83,2.68
2006,2,1,2.45,3.14,3.81,2.67
2006,1,31,2.46,3.16,3.83,2.70
2006,1,30,2.45,3.16,3.82,2.68
2006,1,27,2.47,3.14,3.83,2.69
2006,1,26,2.47,3.13,3.83,2.70
2006,1,25,2.46,3.10,3.81,2.70
2006,1,24,2.48,3.13,3.85,2.73
2006,1,23,2.49,3.14,3.85,2.75
2006,1,20,2.48,3.19,3.85,2.76
2006,1,19,2.47,3.18,3.84,2.75
2006,1,18,2.50,3.19,3.86,2.78
2006,1,17,2.46,3.15,3.81,2.74
2006,1,16,2.46,3.13,3.81,2.73
2006,1,13,2.46,3.15,3.81,2.76
2006,1,12,2.45,3.12,3.79,2.74
2006,1,11,2.44,3.14,3.78,2.73